{
  "nm": "Flow 4",
  "ddd": 0,
  "h": 48,
  "w": 48,
  "meta": { "g": "LottieFiles Figma v42" },
  "layers": [
    {
      "ty": 4,
      "nm": "Group / Vector",
      "sr": 1,
      "st": 0,
      "op": 29,
      "ip": 0,
      "hd": false,
      "ddd": 0,
      "bm": 0,
      "hasMask": false,
      "ao": 0,
      "ks": {
        "a": {
          "a": 1,
          "k": [
            { "o": { "x": 0, "y": 0 }, "i": { "x": 1, "y": 1 }, "s": [0.34, 3], "t": 0 },
            { "o": { "x": 0.32, "y": 0 }, "i": { "x": 0.67, "y": 0 }, "s": [0.34, 3], "t": 9 },
            { "o": { "x": 0.32, "y": 0 }, "i": { "x": 0.67, "y": 0 }, "s": [0.34, 3], "t": 10 },
            { "o": { "x": 0.65, "y": 0 }, "i": { "x": 0.35, "y": 0 }, "s": [0.34, 3], "t": 19 },
            { "s": [0.34, 3], "t": 28 }
          ]
        },
        "s": {
          "a": 1,
          "k": [
            { "o": { "x": 0, "y": 0 }, "i": { "x": 1, "y": 1 }, "s": [100, 100], "t": 0 },
            { "o": { "x": 0.32, "y": 0 }, "i": { "x": 0.67, "y": 0 }, "s": [100, 100], "t": 9 },
            { "o": { "x": 0.32, "y": 0 }, "i": { "x": 0.67, "y": 0 }, "s": [100, 100], "t": 10 },
            { "o": { "x": 0.65, "y": 0 }, "i": { "x": 0.35, "y": 0 }, "s": [100, 100], "t": 19 },
            { "s": [100, 100], "t": 28 }
          ]
        },
        "sk": { "a": 0, "k": 0 },
        "p": {
          "a": 1,
          "k": [
            { "o": { "x": 0, "y": 0 }, "i": { "x": 1, "y": 1 }, "s": [12.92, 35], "t": 0 },
            { "o": { "x": 0.32, "y": 0 }, "i": { "x": 0.67, "y": 0 }, "s": [20.92, 35], "t": 9 },
            { "o": { "x": 0.32, "y": 0 }, "i": { "x": 0.67, "y": 0 }, "s": [20.92, 35], "t": 10 },
            { "o": { "x": 0.65, "y": 0 }, "i": { "x": 0.35, "y": 0 }, "s": [28.92, 35], "t": 19 },
            { "s": [12.92, 35], "t": 28 }
          ]
        },
        "r": {
          "a": 1,
          "k": [
            { "o": { "x": 0, "y": 0 }, "i": { "x": 1, "y": 1 }, "s": [0], "t": 0 },
            { "o": { "x": 0.32, "y": 0 }, "i": { "x": 0.67, "y": 0 }, "s": [-20], "t": 9 },
            { "o": { "x": 0.32, "y": 0 }, "i": { "x": 0.67, "y": 0 }, "s": [-20], "t": 10 },
            { "o": { "x": 0.65, "y": 0 }, "i": { "x": 0.35, "y": 0 }, "s": [20], "t": 19 },
            { "s": [0], "t": 28 }
          ]
        },
        "sa": { "a": 0, "k": 0 },
        "o": {
          "a": 1,
          "k": [
            { "o": { "x": 0, "y": 0 }, "i": { "x": 1, "y": 1 }, "s": [100], "t": 0 },
            { "o": { "x": 0.32, "y": 0 }, "i": { "x": 0.67, "y": 0 }, "s": [100], "t": 9 },
            { "o": { "x": 0.32, "y": 0 }, "i": { "x": 0.67, "y": 0 }, "s": [100], "t": 10 },
            { "o": { "x": 0.65, "y": 0 }, "i": { "x": 0.35, "y": 0 }, "s": [100], "t": 19 },
            { "s": [100], "t": 28 }
          ]
        }
      },
      "shapes": [
        {
          "ty": "sh",
          "bm": 0,
          "hd": false,
          "nm": "",
          "d": 1,
          "ks": {
            "a": 1,
            "k": [
              {
                "o": { "x": 0, "y": 0 },
                "i": { "x": 1, "y": 1 },
                "s": [
                  {
                    "c": false,
                    "i": [
                      [0, 0],
                      [-0.55, -1.95]
                    ],
                    "o": [
                      [-0.11, 2.02],
                      [0, 0]
                    ],
                    "v": [
                      [0.03, 0],
                      [0.69, 6]
                    ]
                  }
                ],
                "t": 0
              },
              {
                "o": { "x": 0.32, "y": 0 },
                "i": { "x": 0.67, "y": 0 },
                "s": [
                  {
                    "c": false,
                    "i": [
                      [0, 0],
                      [-0.55, -1.95]
                    ],
                    "o": [
                      [-0.11, 2.02],
                      [0, 0]
                    ],
                    "v": [
                      [0.03, 0],
                      [0.69, 6]
                    ]
                  }
                ],
                "t": 9
              },
              {
                "o": { "x": 0.32, "y": 0 },
                "i": { "x": 0.67, "y": 0 },
                "s": [
                  {
                    "c": false,
                    "i": [
                      [0, 0],
                      [-0.55, -1.95]
                    ],
                    "o": [
                      [-0.11, 2.02],
                      [0, 0]
                    ],
                    "v": [
                      [0.03, 0],
                      [0.69, 6]
                    ]
                  }
                ],
                "t": 10
              },
              {
                "o": { "x": 0.65, "y": 0 },
                "i": { "x": 0.35, "y": 0 },
                "s": [
                  {
                    "c": false,
                    "i": [
                      [0, 0],
                      [-0.55, -1.95]
                    ],
                    "o": [
                      [-0.11, 2.02],
                      [0, 0]
                    ],
                    "v": [
                      [0.03, 0],
                      [0.69, 6]
                    ]
                  }
                ],
                "t": 19
              },
              {
                "s": [
                  {
                    "c": false,
                    "i": [
                      [0, 0],
                      [-0.55, -1.95]
                    ],
                    "o": [
                      [-0.11, 2.02],
                      [0, 0]
                    ],
                    "v": [
                      [0.03, 0],
                      [0.69, 6]
                    ]
                  }
                ],
                "t": 28
              }
            ]
          }
        },
        {
          "ty": "st",
          "bm": 0,
          "hd": false,
          "nm": "",
          "lc": 2,
          "lj": 2,
          "ml": 4,
          "o": {
            "a": 1,
            "k": [
              { "o": { "x": 0, "y": 0 }, "i": { "x": 1, "y": 1 }, "s": [100], "t": 0 },
              { "o": { "x": 0.32, "y": 0 }, "i": { "x": 0.67, "y": 0 }, "s": [100], "t": 9 },
              { "o": { "x": 0.32, "y": 0 }, "i": { "x": 0.67, "y": 0 }, "s": [100], "t": 10 },
              { "o": { "x": 0.65, "y": 0 }, "i": { "x": 0.35, "y": 0 }, "s": [100], "t": 19 },
              { "s": [100], "t": 28 }
            ]
          },
          "w": {
            "a": 1,
            "k": [
              { "o": { "x": 0, "y": 0 }, "i": { "x": 1, "y": 1 }, "s": [1.5], "t": 0 },
              { "o": { "x": 0.32, "y": 0 }, "i": { "x": 0.67, "y": 0 }, "s": [1.5], "t": 9 },
              { "o": { "x": 0.32, "y": 0 }, "i": { "x": 0.67, "y": 0 }, "s": [1.5], "t": 10 },
              { "o": { "x": 0.65, "y": 0 }, "i": { "x": 0.35, "y": 0 }, "s": [1.5], "t": 19 },
              { "s": [1.5], "t": 28 }
            ]
          },
          "c": {
            "a": 1,
            "k": [
              { "o": { "x": 0, "y": 0 }, "i": { "x": 1, "y": 1 }, "s": [0.2, 0.2, 0.2], "t": 0 },
              {
                "o": { "x": 0.32, "y": 0 },
                "i": { "x": 0.67, "y": 0 },
                "s": [0.2, 0.2, 0.2],
                "t": 9
              },
              {
                "o": { "x": 0.32, "y": 0 },
                "i": { "x": 0.67, "y": 0 },
                "s": [0.2, 0.2, 0.2],
                "t": 10
              },
              {
                "o": { "x": 0.65, "y": 0 },
                "i": { "x": 0.35, "y": 0 },
                "s": [0.2, 0.2, 0.2],
                "t": 19
              },
              { "s": [0.2, 0.2, 0.2], "t": 28 }
            ]
          }
        }
      ],
      "ind": 1
    },
    {
      "ty": 4,
      "nm": "Group / Vector",
      "sr": 1,
      "st": 0,
      "op": 29,
      "ip": 0,
      "hd": false,
      "ddd": 0,
      "bm": 0,
      "hasMask": false,
      "ao": 0,
      "ks": {
        "a": {
          "a": 1,
          "k": [
            { "o": { "x": 0, "y": 0 }, "i": { "x": 1, "y": 1 }, "s": [0.14, 3], "t": 0 },
            { "o": { "x": 0.32, "y": 0 }, "i": { "x": 0.67, "y": 0 }, "s": [0.14, 3], "t": 9 },
            { "o": { "x": 0.32, "y": 0 }, "i": { "x": 0.67, "y": 0 }, "s": [0.14, 3], "t": 10 },
            { "o": { "x": 0.65, "y": 0 }, "i": { "x": 0.35, "y": 0 }, "s": [0.14, 3], "t": 19 },
            { "s": [0.14, 3], "t": 28 }
          ]
        },
        "s": {
          "a": 1,
          "k": [
            { "o": { "x": 0, "y": 0 }, "i": { "x": 1, "y": 1 }, "s": [100, 100], "t": 0 },
            { "o": { "x": 0.32, "y": 0 }, "i": { "x": 0.67, "y": 0 }, "s": [100, 100], "t": 9 },
            { "o": { "x": 0.32, "y": 0 }, "i": { "x": 0.67, "y": 0 }, "s": [100, 100], "t": 10 },
            { "o": { "x": 0.65, "y": 0 }, "i": { "x": 0.35, "y": 0 }, "s": [100, 100], "t": 19 },
            { "s": [100, 100], "t": 28 }
          ]
        },
        "sk": { "a": 0, "k": 0 },
        "p": {
          "a": 1,
          "k": [
            { "o": { "x": 0, "y": 0 }, "i": { "x": 1, "y": 1 }, "s": [7.14, 35], "t": 0 },
            { "o": { "x": 0.32, "y": 0 }, "i": { "x": 0.67, "y": 0 }, "s": [15.14, 35], "t": 9 },
            { "o": { "x": 0.32, "y": 0 }, "i": { "x": 0.67, "y": 0 }, "s": [15.14, 35], "t": 10 },
            { "o": { "x": 0.65, "y": 0 }, "i": { "x": 0.35, "y": 0 }, "s": [23.14, 35], "t": 19 },
            { "s": [7.14, 35], "t": 28 }
          ]
        },
        "r": {
          "a": 1,
          "k": [
            { "o": { "x": 0, "y": 0 }, "i": { "x": 1, "y": 1 }, "s": [0], "t": 0 },
            { "o": { "x": 0.32, "y": 0 }, "i": { "x": 0.67, "y": 0 }, "s": [-20], "t": 9 },
            { "o": { "x": 0.32, "y": 0 }, "i": { "x": 0.67, "y": 0 }, "s": [-20], "t": 10 },
            { "o": { "x": 0.65, "y": 0 }, "i": { "x": 0.35, "y": 0 }, "s": [20], "t": 19 },
            { "s": [0], "t": 28 }
          ]
        },
        "sa": { "a": 0, "k": 0 },
        "o": {
          "a": 1,
          "k": [
            { "o": { "x": 0, "y": 0 }, "i": { "x": 1, "y": 1 }, "s": [100], "t": 0 },
            { "o": { "x": 0.32, "y": 0 }, "i": { "x": 0.67, "y": 0 }, "s": [100], "t": 9 },
            { "o": { "x": 0.32, "y": 0 }, "i": { "x": 0.67, "y": 0 }, "s": [100], "t": 10 },
            { "o": { "x": 0.65, "y": 0 }, "i": { "x": 0.35, "y": 0 }, "s": [100], "t": 19 },
            { "s": [100], "t": 28 }
          ]
        }
      },
      "shapes": [
        {
          "ty": "sh",
          "bm": 0,
          "hd": false,
          "nm": "",
          "d": 1,
          "ks": {
            "a": 1,
            "k": [
              {
                "o": { "x": 0, "y": 0 },
                "i": { "x": 1, "y": 1 },
                "s": [
                  {
                    "c": false,
                    "i": [
                      [0, 0],
                      [-0.22, -2]
                    ],
                    "o": [
                      [-0.32, 1.98],
                      [0, 0]
                    ],
                    "v": [
                      [0.29, 0],
                      [0.14, 6]
                    ]
                  }
                ],
                "t": 0
              },
              {
                "o": { "x": 0.32, "y": 0 },
                "i": { "x": 0.67, "y": 0 },
                "s": [
                  {
                    "c": false,
                    "i": [
                      [0, 0],
                      [-0.22, -2]
                    ],
                    "o": [
                      [-0.32, 1.98],
                      [0, 0]
                    ],
                    "v": [
                      [0.29, 0],
                      [0.14, 6]
                    ]
                  }
                ],
                "t": 9
              },
              {
                "o": { "x": 0.32, "y": 0 },
                "i": { "x": 0.67, "y": 0 },
                "s": [
                  {
                    "c": false,
                    "i": [
                      [0, 0],
                      [-0.22, -2]
                    ],
                    "o": [
                      [-0.32, 1.98],
                      [0, 0]
                    ],
                    "v": [
                      [0.29, 0],
                      [0.14, 6]
                    ]
                  }
                ],
                "t": 10
              },
              {
                "o": { "x": 0.65, "y": 0 },
                "i": { "x": 0.35, "y": 0 },
                "s": [
                  {
                    "c": false,
                    "i": [
                      [0, 0],
                      [-0.22, -2]
                    ],
                    "o": [
                      [-0.32, 1.98],
                      [0, 0]
                    ],
                    "v": [
                      [0.29, 0],
                      [0.14, 6]
                    ]
                  }
                ],
                "t": 19
              },
              {
                "s": [
                  {
                    "c": false,
                    "i": [
                      [0, 0],
                      [-0.22, -2]
                    ],
                    "o": [
                      [-0.32, 1.98],
                      [0, 0]
                    ],
                    "v": [
                      [0.29, 0],
                      [0.14, 6]
                    ]
                  }
                ],
                "t": 28
              }
            ]
          }
        },
        {
          "ty": "st",
          "bm": 0,
          "hd": false,
          "nm": "",
          "lc": 2,
          "lj": 2,
          "ml": 4,
          "o": {
            "a": 1,
            "k": [
              { "o": { "x": 0, "y": 0 }, "i": { "x": 1, "y": 1 }, "s": [100], "t": 0 },
              { "o": { "x": 0.32, "y": 0 }, "i": { "x": 0.67, "y": 0 }, "s": [100], "t": 9 },
              { "o": { "x": 0.32, "y": 0 }, "i": { "x": 0.67, "y": 0 }, "s": [100], "t": 10 },
              { "o": { "x": 0.65, "y": 0 }, "i": { "x": 0.35, "y": 0 }, "s": [100], "t": 19 },
              { "s": [100], "t": 28 }
            ]
          },
          "w": {
            "a": 1,
            "k": [
              { "o": { "x": 0, "y": 0 }, "i": { "x": 1, "y": 1 }, "s": [1.5], "t": 0 },
              { "o": { "x": 0.32, "y": 0 }, "i": { "x": 0.67, "y": 0 }, "s": [1.5], "t": 9 },
              { "o": { "x": 0.32, "y": 0 }, "i": { "x": 0.67, "y": 0 }, "s": [1.5], "t": 10 },
              { "o": { "x": 0.65, "y": 0 }, "i": { "x": 0.35, "y": 0 }, "s": [1.5], "t": 19 },
              { "s": [1.5], "t": 28 }
            ]
          },
          "c": {
            "a": 1,
            "k": [
              { "o": { "x": 0, "y": 0 }, "i": { "x": 1, "y": 1 }, "s": [0.2, 0.2, 0.2], "t": 0 },
              {
                "o": { "x": 0.32, "y": 0 },
                "i": { "x": 0.67, "y": 0 },
                "s": [0.2, 0.2, 0.2],
                "t": 9
              },
              {
                "o": { "x": 0.32, "y": 0 },
                "i": { "x": 0.67, "y": 0 },
                "s": [0.2, 0.2, 0.2],
                "t": 10
              },
              {
                "o": { "x": 0.65, "y": 0 },
                "i": { "x": 0.35, "y": 0 },
                "s": [0.2, 0.2, 0.2],
                "t": 19
              },
              { "s": [0.2, 0.2, 0.2], "t": 28 }
            ]
          }
        }
      ],
      "ind": 2
    },
    {
      "ty": 4,
      "nm": "Group / Vector",
      "sr": 1,
      "st": 0,
      "op": 29,
      "ip": 0,
      "hd": false,
      "ddd": 0,
      "bm": 0,
      "hasMask": false,
      "ao": 0,
      "ks": {
        "a": {
          "a": 1,
          "k": [
            { "o": { "x": 0, "y": 0 }, "i": { "x": 1, "y": 1 }, "s": [2.91, 3.29], "t": 0 },
            { "o": { "x": 0.32, "y": 0 }, "i": { "x": 0.67, "y": 0 }, "s": [2.91, 3.29], "t": 9 },
            { "o": { "x": 0.32, "y": 0 }, "i": { "x": 0.67, "y": 0 }, "s": [2.91, 3.29], "t": 10 },
            { "o": { "x": 0.65, "y": 0 }, "i": { "x": 0.35, "y": 0 }, "s": [2.91, 3.29], "t": 19 },
            { "s": [2.91, 3.29], "t": 28 }
          ]
        },
        "s": {
          "a": 1,
          "k": [
            { "o": { "x": 0, "y": 0 }, "i": { "x": 1, "y": 1 }, "s": [100, 100], "t": 0 },
            { "o": { "x": 0.32, "y": 0 }, "i": { "x": 0.67, "y": 0 }, "s": [100, 100], "t": 9 },
            { "o": { "x": 0.32, "y": 0 }, "i": { "x": 0.67, "y": 0 }, "s": [100, 100], "t": 10 },
            { "o": { "x": 0.65, "y": 0 }, "i": { "x": 0.35, "y": 0 }, "s": [100, 100], "t": 19 },
            { "s": [100, 100], "t": 28 }
          ]
        },
        "sk": { "a": 0, "k": 0 },
        "p": {
          "a": 1,
          "k": [
            { "o": { "x": 0, "y": 0 }, "i": { "x": 1, "y": 1 }, "s": [14.9, 23.71], "t": 0 },
            { "o": { "x": 0.32, "y": 0 }, "i": { "x": 0.67, "y": 0 }, "s": [22.9, 23.71], "t": 9 },
            { "o": { "x": 0.32, "y": 0 }, "i": { "x": 0.67, "y": 0 }, "s": [22.9, 23.71], "t": 10 },
            { "o": { "x": 0.65, "y": 0 }, "i": { "x": 0.35, "y": 0 }, "s": [30.9, 23.71], "t": 19 },
            { "s": [14.9, 23.71], "t": 28 }
          ]
        },
        "r": {
          "a": 1,
          "k": [
            { "o": { "x": 0, "y": 0 }, "i": { "x": 1, "y": 1 }, "s": [0], "t": 0 },
            { "o": { "x": 0.32, "y": 0 }, "i": { "x": 0.67, "y": 0 }, "s": [0], "t": 9 },
            { "o": { "x": 0.32, "y": 0 }, "i": { "x": 0.67, "y": 0 }, "s": [0], "t": 10 },
            { "o": { "x": 0.65, "y": 0 }, "i": { "x": 0.35, "y": 0 }, "s": [0], "t": 19 },
            { "s": [0], "t": 28 }
          ]
        },
        "sa": { "a": 0, "k": 0 },
        "o": {
          "a": 1,
          "k": [
            { "o": { "x": 0, "y": 0 }, "i": { "x": 1, "y": 1 }, "s": [100], "t": 0 },
            { "o": { "x": 0.32, "y": 0 }, "i": { "x": 0.67, "y": 0 }, "s": [100], "t": 9 },
            { "o": { "x": 0.32, "y": 0 }, "i": { "x": 0.67, "y": 0 }, "s": [100], "t": 10 },
            { "o": { "x": 0.65, "y": 0 }, "i": { "x": 0.35, "y": 0 }, "s": [100], "t": 19 },
            { "s": [100], "t": 28 }
          ]
        }
      },
      "shapes": [
        {
          "ty": "sh",
          "bm": 0,
          "hd": false,
          "nm": "",
          "d": 1,
          "ks": {
            "a": 1,
            "k": [
              {
                "o": { "x": 0, "y": 0 },
                "i": { "x": 1, "y": 1 },
                "s": [
                  {
                    "c": false,
                    "i": [
                      [0, 0],
                      [-0.16, -0.85],
                      [-0.56, -0.66],
                      [-0.82, -0.29],
                      [-0.85, 0.16]
                    ],
                    "o": [
                      [-0.29, 0.81],
                      [0.16, 0.85],
                      [0.56, 0.66],
                      [0.82, 0.29],
                      [0, 0]
                    ],
                    "v": [
                      [0.28, 0],
                      [0.08, 2.54],
                      [1.18, 4.84],
                      [3.28, 6.29],
                      [5.82, 6.49]
                    ]
                  }
                ],
                "t": 0
              },
              {
                "o": { "x": 0.32, "y": 0 },
                "i": { "x": 0.67, "y": 0 },
                "s": [
                  {
                    "c": false,
                    "i": [
                      [0, 0],
                      [-0.16, -0.85],
                      [-0.56, -0.66],
                      [-0.82, -0.29],
                      [-0.85, 0.16]
                    ],
                    "o": [
                      [-0.29, 0.81],
                      [0.16, 0.85],
                      [0.56, 0.66],
                      [0.82, 0.29],
                      [0, 0]
                    ],
                    "v": [
                      [0.28, 0],
                      [0.08, 2.54],
                      [1.18, 4.84],
                      [3.28, 6.29],
                      [5.82, 6.49]
                    ]
                  }
                ],
                "t": 9
              },
              {
                "o": { "x": 0.32, "y": 0 },
                "i": { "x": 0.67, "y": 0 },
                "s": [
                  {
                    "c": false,
                    "i": [
                      [0, 0],
                      [-0.16, -0.85],
                      [-0.56, -0.66],
                      [-0.82, -0.29],
                      [-0.85, 0.16]
                    ],
                    "o": [
                      [-0.29, 0.81],
                      [0.16, 0.85],
                      [0.56, 0.66],
                      [0.82, 0.29],
                      [0, 0]
                    ],
                    "v": [
                      [0.28, 0],
                      [0.08, 2.54],
                      [1.18, 4.84],
                      [3.28, 6.29],
                      [5.82, 6.49]
                    ]
                  }
                ],
                "t": 10
              },
              {
                "o": { "x": 0.65, "y": 0 },
                "i": { "x": 0.35, "y": 0 },
                "s": [
                  {
                    "c": false,
                    "i": [
                      [0, 0],
                      [-0.16, -0.85],
                      [-0.56, -0.66],
                      [-0.82, -0.29],
                      [-0.85, 0.16]
                    ],
                    "o": [
                      [-0.29, 0.81],
                      [0.16, 0.85],
                      [0.56, 0.66],
                      [0.82, 0.29],
                      [0, 0]
                    ],
                    "v": [
                      [0.28, 0],
                      [0.08, 2.54],
                      [1.18, 4.84],
                      [3.28, 6.29],
                      [5.82, 6.49]
                    ]
                  }
                ],
                "t": 19
              },
              {
                "s": [
                  {
                    "c": false,
                    "i": [
                      [0, 0],
                      [-0.16, -0.85],
                      [-0.56, -0.66],
                      [-0.82, -0.29],
                      [-0.85, 0.16]
                    ],
                    "o": [
                      [-0.29, 0.81],
                      [0.16, 0.85],
                      [0.56, 0.66],
                      [0.82, 0.29],
                      [0, 0]
                    ],
                    "v": [
                      [0.28, 0],
                      [0.08, 2.54],
                      [1.18, 4.84],
                      [3.28, 6.29],
                      [5.82, 6.49]
                    ]
                  }
                ],
                "t": 28
              }
            ]
          }
        },
        {
          "ty": "st",
          "bm": 0,
          "hd": false,
          "nm": "",
          "lc": 2,
          "lj": 2,
          "ml": 4,
          "o": {
            "a": 1,
            "k": [
              { "o": { "x": 0, "y": 0 }, "i": { "x": 1, "y": 1 }, "s": [100], "t": 0 },
              { "o": { "x": 0.32, "y": 0 }, "i": { "x": 0.67, "y": 0 }, "s": [100], "t": 9 },
              { "o": { "x": 0.32, "y": 0 }, "i": { "x": 0.67, "y": 0 }, "s": [100], "t": 10 },
              { "o": { "x": 0.65, "y": 0 }, "i": { "x": 0.35, "y": 0 }, "s": [100], "t": 19 },
              { "s": [100], "t": 28 }
            ]
          },
          "w": {
            "a": 1,
            "k": [
              { "o": { "x": 0, "y": 0 }, "i": { "x": 1, "y": 1 }, "s": [1.5], "t": 0 },
              { "o": { "x": 0.32, "y": 0 }, "i": { "x": 0.67, "y": 0 }, "s": [1.5], "t": 9 },
              { "o": { "x": 0.32, "y": 0 }, "i": { "x": 0.67, "y": 0 }, "s": [1.5], "t": 10 },
              { "o": { "x": 0.65, "y": 0 }, "i": { "x": 0.35, "y": 0 }, "s": [1.5], "t": 19 },
              { "s": [1.5], "t": 28 }
            ]
          },
          "c": {
            "a": 1,
            "k": [
              { "o": { "x": 0, "y": 0 }, "i": { "x": 1, "y": 1 }, "s": [0.2, 0.2, 0.2], "t": 0 },
              {
                "o": { "x": 0.32, "y": 0 },
                "i": { "x": 0.67, "y": 0 },
                "s": [0.2, 0.2, 0.2],
                "t": 9
              },
              {
                "o": { "x": 0.32, "y": 0 },
                "i": { "x": 0.67, "y": 0 },
                "s": [0.2, 0.2, 0.2],
                "t": 10
              },
              {
                "o": { "x": 0.65, "y": 0 },
                "i": { "x": 0.35, "y": 0 },
                "s": [0.2, 0.2, 0.2],
                "t": 19
              },
              { "s": [0.2, 0.2, 0.2], "t": 28 }
            ]
          }
        }
      ],
      "ind": 3
    },
    {
      "ty": 4,
      "nm": "Group / Vector",
      "sr": 1,
      "st": 0,
      "op": 29,
      "ip": 0,
      "hd": false,
      "ddd": 0,
      "bm": 0,
      "hasMask": false,
      "ao": 0,
      "ks": {
        "a": {
          "a": 1,
          "k": [
            { "o": { "x": 0, "y": 0 }, "i": { "x": 1, "y": 1 }, "s": [6, 0], "t": 0 },
            { "o": { "x": 0.32, "y": 0 }, "i": { "x": 0.67, "y": 0 }, "s": [6, 0], "t": 9 },
            { "o": { "x": 0.32, "y": 0 }, "i": { "x": 0.67, "y": 0 }, "s": [6, 0], "t": 10 },
            { "o": { "x": 0.65, "y": 0 }, "i": { "x": 0.35, "y": 0 }, "s": [6, 0], "t": 19 },
            { "s": [6, 0], "t": 28 }
          ]
        },
        "s": {
          "a": 1,
          "k": [
            { "o": { "x": 0, "y": 0 }, "i": { "x": 1, "y": 1 }, "s": [100, 100], "t": 0 },
            { "o": { "x": 0.32, "y": 0 }, "i": { "x": 0.67, "y": 0 }, "s": [100, 100], "t": 9 },
            { "o": { "x": 0.32, "y": 0 }, "i": { "x": 0.67, "y": 0 }, "s": [100, 100], "t": 10 },
            { "o": { "x": 0.65, "y": 0 }, "i": { "x": 0.35, "y": 0 }, "s": [100, 100], "t": 19 },
            { "s": [100, 100], "t": 28 }
          ]
        },
        "sk": { "a": 0, "k": 0 },
        "p": {
          "a": 1,
          "k": [
            { "o": { "x": 0, "y": 0 }, "i": { "x": 1, "y": 1 }, "s": [30, 37], "t": 0 },
            { "o": { "x": 0.32, "y": 0 }, "i": { "x": 0.67, "y": 0 }, "s": [38, 37], "t": 9 },
            { "o": { "x": 0.32, "y": 0 }, "i": { "x": 0.67, "y": 0 }, "s": [38, 37], "t": 10 },
            { "o": { "x": 0.65, "y": 0 }, "i": { "x": 0.35, "y": 0 }, "s": [46, 37], "t": 19 },
            { "s": [30, 37], "t": 28 }
          ]
        },
        "r": {
          "a": 1,
          "k": [
            { "o": { "x": 0, "y": 0 }, "i": { "x": 1, "y": 1 }, "s": [0], "t": 0 },
            { "o": { "x": 0.32, "y": 0 }, "i": { "x": 0.67, "y": 0 }, "s": [0], "t": 9 },
            { "o": { "x": 0.32, "y": 0 }, "i": { "x": 0.67, "y": 0 }, "s": [0], "t": 10 },
            { "o": { "x": 0.65, "y": 0 }, "i": { "x": 0.35, "y": 0 }, "s": [0], "t": 19 },
            { "s": [0], "t": 28 }
          ]
        },
        "sa": { "a": 0, "k": 0 },
        "o": {
          "a": 1,
          "k": [
            { "o": { "x": 0, "y": 0 }, "i": { "x": 1, "y": 1 }, "s": [100], "t": 0 },
            { "o": { "x": 0.32, "y": 0 }, "i": { "x": 0.67, "y": 0 }, "s": [100], "t": 9 },
            { "o": { "x": 0.32, "y": 0 }, "i": { "x": 0.67, "y": 0 }, "s": [100], "t": 10 },
            { "o": { "x": 0.65, "y": 0 }, "i": { "x": 0.35, "y": 0 }, "s": [100], "t": 19 },
            { "s": [100], "t": 28 }
          ]
        }
      },
      "shapes": [
        {
          "ty": "sh",
          "bm": 0,
          "hd": false,
          "nm": "",
          "d": 1,
          "ks": {
            "a": 1,
            "k": [
              {
                "o": { "x": 0, "y": 0 },
                "i": { "x": 1, "y": 1 },
                "s": [
                  {
                    "c": false,
                    "i": [
                      [0, 0],
                      [0, 0]
                    ],
                    "o": [
                      [0, 0],
                      [0, 0]
                    ],
                    "v": [
                      [0, 0],
                      [12, 0]
                    ]
                  }
                ],
                "t": 0
              },
              {
                "o": { "x": 0.32, "y": 0 },
                "i": { "x": 0.67, "y": 0 },
                "s": [
                  {
                    "c": false,
                    "i": [
                      [0, 0],
                      [0, 0]
                    ],
                    "o": [
                      [0, 0],
                      [0, 0]
                    ],
                    "v": [
                      [0, 0],
                      [12, 0]
                    ]
                  }
                ],
                "t": 9
              },
              {
                "o": { "x": 0.32, "y": 0 },
                "i": { "x": 0.67, "y": 0 },
                "s": [
                  {
                    "c": false,
                    "i": [
                      [0, 0],
                      [0, 0]
                    ],
                    "o": [
                      [0, 0],
                      [0, 0]
                    ],
                    "v": [
                      [0, 0],
                      [12, 0]
                    ]
                  }
                ],
                "t": 10
              },
              {
                "o": { "x": 0.65, "y": 0 },
                "i": { "x": 0.35, "y": 0 },
                "s": [
                  {
                    "c": false,
                    "i": [
                      [0, 0],
                      [0, 0]
                    ],
                    "o": [
                      [0, 0],
                      [0, 0]
                    ],
                    "v": [
                      [0, 0],
                      [12, 0]
                    ]
                  }
                ],
                "t": 19
              },
              {
                "s": [
                  {
                    "c": false,
                    "i": [
                      [0, 0],
                      [0, 0]
                    ],
                    "o": [
                      [0, 0],
                      [0, 0]
                    ],
                    "v": [
                      [0, 0],
                      [12, 0]
                    ]
                  }
                ],
                "t": 28
              }
            ]
          }
        },
        {
          "ty": "st",
          "bm": 0,
          "hd": false,
          "nm": "",
          "lc": 2,
          "lj": 2,
          "ml": 4,
          "o": {
            "a": 1,
            "k": [
              { "o": { "x": 0, "y": 0 }, "i": { "x": 1, "y": 1 }, "s": [100], "t": 0 },
              { "o": { "x": 0.32, "y": 0 }, "i": { "x": 0.67, "y": 0 }, "s": [100], "t": 9 },
              { "o": { "x": 0.32, "y": 0 }, "i": { "x": 0.67, "y": 0 }, "s": [100], "t": 10 },
              { "o": { "x": 0.65, "y": 0 }, "i": { "x": 0.35, "y": 0 }, "s": [100], "t": 19 },
              { "s": [100], "t": 28 }
            ]
          },
          "w": {
            "a": 1,
            "k": [
              { "o": { "x": 0, "y": 0 }, "i": { "x": 1, "y": 1 }, "s": [1.5], "t": 0 },
              { "o": { "x": 0.32, "y": 0 }, "i": { "x": 0.67, "y": 0 }, "s": [1.5], "t": 9 },
              { "o": { "x": 0.32, "y": 0 }, "i": { "x": 0.67, "y": 0 }, "s": [1.5], "t": 10 },
              { "o": { "x": 0.65, "y": 0 }, "i": { "x": 0.35, "y": 0 }, "s": [1.5], "t": 19 },
              { "s": [1.5], "t": 28 }
            ]
          },
          "c": {
            "a": 1,
            "k": [
              { "o": { "x": 0, "y": 0 }, "i": { "x": 1, "y": 1 }, "s": [0.2, 0.2, 0.2], "t": 0 },
              {
                "o": { "x": 0.32, "y": 0 },
                "i": { "x": 0.67, "y": 0 },
                "s": [0.2, 0.2, 0.2],
                "t": 9
              },
              {
                "o": { "x": 0.32, "y": 0 },
                "i": { "x": 0.67, "y": 0 },
                "s": [0.2, 0.2, 0.2],
                "t": 10
              },
              {
                "o": { "x": 0.65, "y": 0 },
                "i": { "x": 0.35, "y": 0 },
                "s": [0.2, 0.2, 0.2],
                "t": 19
              },
              { "s": [0.2, 0.2, 0.2], "t": 28 }
            ]
          }
        }
      ],
      "ind": 4
    },
    {
      "ty": 4,
      "nm": "Group / Vector",
      "sr": 1,
      "st": 0,
      "op": 29,
      "ip": 0,
      "hd": false,
      "ddd": 0,
      "bm": 0,
      "hasMask": false,
      "ao": 0,
      "ks": {
        "a": {
          "a": 1,
          "k": [
            { "o": { "x": 0, "y": 0 }, "i": { "x": 1, "y": 1 }, "s": [4.5, 0], "t": 0 },
            { "o": { "x": 0.32, "y": 0 }, "i": { "x": 0.67, "y": 0 }, "s": [4.5, 0], "t": 9 },
            { "o": { "x": 0.32, "y": 0 }, "i": { "x": 0.67, "y": 0 }, "s": [4.5, 0], "t": 10 },
            { "o": { "x": 0.65, "y": 0 }, "i": { "x": 0.35, "y": 0 }, "s": [4.5, 0], "t": 19 },
            { "s": [4.5, 0], "t": 28 }
          ]
        },
        "s": {
          "a": 1,
          "k": [
            { "o": { "x": 0, "y": 0 }, "i": { "x": 1, "y": 1 }, "s": [100, 100], "t": 0 },
            { "o": { "x": 0.32, "y": 0 }, "i": { "x": 0.67, "y": 0 }, "s": [100, 100], "t": 9 },
            { "o": { "x": 0.32, "y": 0 }, "i": { "x": 0.67, "y": 0 }, "s": [100, 100], "t": 10 },
            { "o": { "x": 0.65, "y": 0 }, "i": { "x": 0.35, "y": 0 }, "s": [100, 100], "t": 19 },
            { "s": [100, 100], "t": 28 }
          ]
        },
        "sk": { "a": 0, "k": 0 },
        "p": {
          "a": 1,
          "k": [
            { "o": { "x": 0, "y": 0 }, "i": { "x": 1, "y": 1 }, "s": [26.5, 32], "t": 0 },
            { "o": { "x": 0.32, "y": 0 }, "i": { "x": 0.67, "y": 0 }, "s": [34.5, 32], "t": 9 },
            { "o": { "x": 0.32, "y": 0 }, "i": { "x": 0.67, "y": 0 }, "s": [34.5, 32], "t": 10 },
            { "o": { "x": 0.65, "y": 0 }, "i": { "x": 0.35, "y": 0 }, "s": [42.5, 32], "t": 19 },
            { "s": [26.5, 32], "t": 28 }
          ]
        },
        "r": {
          "a": 1,
          "k": [
            { "o": { "x": 0, "y": 0 }, "i": { "x": 1, "y": 1 }, "s": [0], "t": 0 },
            { "o": { "x": 0.32, "y": 0 }, "i": { "x": 0.67, "y": 0 }, "s": [0], "t": 9 },
            { "o": { "x": 0.32, "y": 0 }, "i": { "x": 0.67, "y": 0 }, "s": [0], "t": 10 },
            { "o": { "x": 0.65, "y": 0 }, "i": { "x": 0.35, "y": 0 }, "s": [0], "t": 19 },
            { "s": [0], "t": 28 }
          ]
        },
        "sa": { "a": 0, "k": 0 },
        "o": {
          "a": 1,
          "k": [
            { "o": { "x": 0, "y": 0 }, "i": { "x": 1, "y": 1 }, "s": [100], "t": 0 },
            { "o": { "x": 0.32, "y": 0 }, "i": { "x": 0.67, "y": 0 }, "s": [100], "t": 9 },
            { "o": { "x": 0.32, "y": 0 }, "i": { "x": 0.67, "y": 0 }, "s": [100], "t": 10 },
            { "o": { "x": 0.65, "y": 0 }, "i": { "x": 0.35, "y": 0 }, "s": [100], "t": 19 },
            { "s": [100], "t": 28 }
          ]
        }
      },
      "shapes": [
        {
          "ty": "sh",
          "bm": 0,
          "hd": false,
          "nm": "",
          "d": 1,
          "ks": {
            "a": 1,
            "k": [
              {
                "o": { "x": 0, "y": 0 },
                "i": { "x": 1, "y": 1 },
                "s": [
                  {
                    "c": false,
                    "i": [
                      [0, 0],
                      [0, 0]
                    ],
                    "o": [
                      [0, 0],
                      [0, 0]
                    ],
                    "v": [
                      [0, 0],
                      [9, 0]
                    ]
                  }
                ],
                "t": 0
              },
              {
                "o": { "x": 0.32, "y": 0 },
                "i": { "x": 0.67, "y": 0 },
                "s": [
                  {
                    "c": false,
                    "i": [
                      [0, 0],
                      [0, 0]
                    ],
                    "o": [
                      [0, 0],
                      [0, 0]
                    ],
                    "v": [
                      [0, 0],
                      [9, 0]
                    ]
                  }
                ],
                "t": 9
              },
              {
                "o": { "x": 0.32, "y": 0 },
                "i": { "x": 0.67, "y": 0 },
                "s": [
                  {
                    "c": false,
                    "i": [
                      [0, 0],
                      [0, 0]
                    ],
                    "o": [
                      [0, 0],
                      [0, 0]
                    ],
                    "v": [
                      [0, 0],
                      [9, 0]
                    ]
                  }
                ],
                "t": 10
              },
              {
                "o": { "x": 0.65, "y": 0 },
                "i": { "x": 0.35, "y": 0 },
                "s": [
                  {
                    "c": false,
                    "i": [
                      [0, 0],
                      [0, 0]
                    ],
                    "o": [
                      [0, 0],
                      [0, 0]
                    ],
                    "v": [
                      [0, 0],
                      [9, 0]
                    ]
                  }
                ],
                "t": 19
              },
              {
                "s": [
                  {
                    "c": false,
                    "i": [
                      [0, 0],
                      [0, 0]
                    ],
                    "o": [
                      [0, 0],
                      [0, 0]
                    ],
                    "v": [
                      [0, 0],
                      [9, 0]
                    ]
                  }
                ],
                "t": 28
              }
            ]
          }
        },
        {
          "ty": "st",
          "bm": 0,
          "hd": false,
          "nm": "",
          "lc": 2,
          "lj": 2,
          "ml": 4,
          "o": {
            "a": 1,
            "k": [
              { "o": { "x": 0, "y": 0 }, "i": { "x": 1, "y": 1 }, "s": [100], "t": 0 },
              { "o": { "x": 0.32, "y": 0 }, "i": { "x": 0.67, "y": 0 }, "s": [100], "t": 9 },
              { "o": { "x": 0.32, "y": 0 }, "i": { "x": 0.67, "y": 0 }, "s": [100], "t": 10 },
              { "o": { "x": 0.65, "y": 0 }, "i": { "x": 0.35, "y": 0 }, "s": [100], "t": 19 },
              { "s": [100], "t": 28 }
            ]
          },
          "w": {
            "a": 1,
            "k": [
              { "o": { "x": 0, "y": 0 }, "i": { "x": 1, "y": 1 }, "s": [1.5], "t": 0 },
              { "o": { "x": 0.32, "y": 0 }, "i": { "x": 0.67, "y": 0 }, "s": [1.5], "t": 9 },
              { "o": { "x": 0.32, "y": 0 }, "i": { "x": 0.67, "y": 0 }, "s": [1.5], "t": 10 },
              { "o": { "x": 0.65, "y": 0 }, "i": { "x": 0.35, "y": 0 }, "s": [1.5], "t": 19 },
              { "s": [1.5], "t": 28 }
            ]
          },
          "c": {
            "a": 1,
            "k": [
              { "o": { "x": 0, "y": 0 }, "i": { "x": 1, "y": 1 }, "s": [0.2, 0.2, 0.2], "t": 0 },
              {
                "o": { "x": 0.32, "y": 0 },
                "i": { "x": 0.67, "y": 0 },
                "s": [0.2, 0.2, 0.2],
                "t": 9
              },
              {
                "o": { "x": 0.32, "y": 0 },
                "i": { "x": 0.67, "y": 0 },
                "s": [0.2, 0.2, 0.2],
                "t": 10
              },
              {
                "o": { "x": 0.65, "y": 0 },
                "i": { "x": 0.35, "y": 0 },
                "s": [0.2, 0.2, 0.2],
                "t": 19
              },
              { "s": [0.2, 0.2, 0.2], "t": 28 }
            ]
          }
        }
      ],
      "ind": 5
    },
    {
      "ty": 4,
      "nm": "Group / Vector",
      "sr": 1,
      "st": 0,
      "op": 29,
      "ip": 0,
      "hd": false,
      "ddd": 0,
      "bm": 0,
      "hasMask": false,
      "ao": 0,
      "ks": {
        "a": {
          "a": 1,
          "k": [
            { "o": { "x": 0, "y": 0 }, "i": { "x": 1, "y": 1 }, "s": [6, 0], "t": 0 },
            { "o": { "x": 0.32, "y": 0 }, "i": { "x": 0.67, "y": 0 }, "s": [6, 0], "t": 9 },
            { "o": { "x": 0.32, "y": 0 }, "i": { "x": 0.67, "y": 0 }, "s": [6, 0], "t": 10 },
            { "o": { "x": 0.65, "y": 0 }, "i": { "x": 0.35, "y": 0 }, "s": [6, 0], "t": 19 },
            { "s": [6, 0], "t": 28 }
          ]
        },
        "s": {
          "a": 1,
          "k": [
            { "o": { "x": 0, "y": 0 }, "i": { "x": 1, "y": 1 }, "s": [100, 100], "t": 0 },
            { "o": { "x": 0.32, "y": 0 }, "i": { "x": 0.67, "y": 0 }, "s": [100, 100], "t": 9 },
            { "o": { "x": 0.32, "y": 0 }, "i": { "x": 0.67, "y": 0 }, "s": [100, 100], "t": 10 },
            { "o": { "x": 0.65, "y": 0 }, "i": { "x": 0.35, "y": 0 }, "s": [100, 100], "t": 19 },
            { "s": [100, 100], "t": 28 }
          ]
        },
        "sk": { "a": 0, "k": 0 },
        "p": {
          "a": 1,
          "k": [
            { "o": { "x": 0, "y": 0 }, "i": { "x": 1, "y": 1 }, "s": [29, 27], "t": 0 },
            { "o": { "x": 0.32, "y": 0 }, "i": { "x": 0.67, "y": 0 }, "s": [37, 27], "t": 9 },
            { "o": { "x": 0.32, "y": 0 }, "i": { "x": 0.67, "y": 0 }, "s": [37, 27], "t": 10 },
            { "o": { "x": 0.65, "y": 0 }, "i": { "x": 0.35, "y": 0 }, "s": [45, 27], "t": 19 },
            { "s": [29, 27], "t": 28 }
          ]
        },
        "r": {
          "a": 1,
          "k": [
            { "o": { "x": 0, "y": 0 }, "i": { "x": 1, "y": 1 }, "s": [0], "t": 0 },
            { "o": { "x": 0.32, "y": 0 }, "i": { "x": 0.67, "y": 0 }, "s": [0], "t": 9 },
            { "o": { "x": 0.32, "y": 0 }, "i": { "x": 0.67, "y": 0 }, "s": [0], "t": 10 },
            { "o": { "x": 0.65, "y": 0 }, "i": { "x": 0.35, "y": 0 }, "s": [0], "t": 19 },
            { "s": [0], "t": 28 }
          ]
        },
        "sa": { "a": 0, "k": 0 },
        "o": {
          "a": 1,
          "k": [
            { "o": { "x": 0, "y": 0 }, "i": { "x": 1, "y": 1 }, "s": [100], "t": 0 },
            { "o": { "x": 0.32, "y": 0 }, "i": { "x": 0.67, "y": 0 }, "s": [100], "t": 9 },
            { "o": { "x": 0.32, "y": 0 }, "i": { "x": 0.67, "y": 0 }, "s": [100], "t": 10 },
            { "o": { "x": 0.65, "y": 0 }, "i": { "x": 0.35, "y": 0 }, "s": [100], "t": 19 },
            { "s": [100], "t": 28 }
          ]
        }
      },
      "shapes": [
        {
          "ty": "sh",
          "bm": 0,
          "hd": false,
          "nm": "",
          "d": 1,
          "ks": {
            "a": 1,
            "k": [
              {
                "o": { "x": 0, "y": 0 },
                "i": { "x": 1, "y": 1 },
                "s": [
                  {
                    "c": false,
                    "i": [
                      [0, 0],
                      [0, 0]
                    ],
                    "o": [
                      [0, 0],
                      [0, 0]
                    ],
                    "v": [
                      [0, 0],
                      [12, 0]
                    ]
                  }
                ],
                "t": 0
              },
              {
                "o": { "x": 0.32, "y": 0 },
                "i": { "x": 0.67, "y": 0 },
                "s": [
                  {
                    "c": false,
                    "i": [
                      [0, 0],
                      [0, 0]
                    ],
                    "o": [
                      [0, 0],
                      [0, 0]
                    ],
                    "v": [
                      [0, 0],
                      [12, 0]
                    ]
                  }
                ],
                "t": 9
              },
              {
                "o": { "x": 0.32, "y": 0 },
                "i": { "x": 0.67, "y": 0 },
                "s": [
                  {
                    "c": false,
                    "i": [
                      [0, 0],
                      [0, 0]
                    ],
                    "o": [
                      [0, 0],
                      [0, 0]
                    ],
                    "v": [
                      [0, 0],
                      [12, 0]
                    ]
                  }
                ],
                "t": 10
              },
              {
                "o": { "x": 0.65, "y": 0 },
                "i": { "x": 0.35, "y": 0 },
                "s": [
                  {
                    "c": false,
                    "i": [
                      [0, 0],
                      [0, 0]
                    ],
                    "o": [
                      [0, 0],
                      [0, 0]
                    ],
                    "v": [
                      [0, 0],
                      [12, 0]
                    ]
                  }
                ],
                "t": 19
              },
              {
                "s": [
                  {
                    "c": false,
                    "i": [
                      [0, 0],
                      [0, 0]
                    ],
                    "o": [
                      [0, 0],
                      [0, 0]
                    ],
                    "v": [
                      [0, 0],
                      [12, 0]
                    ]
                  }
                ],
                "t": 28
              }
            ]
          }
        },
        {
          "ty": "st",
          "bm": 0,
          "hd": false,
          "nm": "",
          "lc": 2,
          "lj": 2,
          "ml": 4,
          "o": {
            "a": 1,
            "k": [
              { "o": { "x": 0, "y": 0 }, "i": { "x": 1, "y": 1 }, "s": [100], "t": 0 },
              { "o": { "x": 0.32, "y": 0 }, "i": { "x": 0.67, "y": 0 }, "s": [100], "t": 9 },
              { "o": { "x": 0.32, "y": 0 }, "i": { "x": 0.67, "y": 0 }, "s": [100], "t": 10 },
              { "o": { "x": 0.65, "y": 0 }, "i": { "x": 0.35, "y": 0 }, "s": [100], "t": 19 },
              { "s": [100], "t": 28 }
            ]
          },
          "w": {
            "a": 1,
            "k": [
              { "o": { "x": 0, "y": 0 }, "i": { "x": 1, "y": 1 }, "s": [1.5], "t": 0 },
              { "o": { "x": 0.32, "y": 0 }, "i": { "x": 0.67, "y": 0 }, "s": [1.5], "t": 9 },
              { "o": { "x": 0.32, "y": 0 }, "i": { "x": 0.67, "y": 0 }, "s": [1.5], "t": 10 },
              { "o": { "x": 0.65, "y": 0 }, "i": { "x": 0.35, "y": 0 }, "s": [1.5], "t": 19 },
              { "s": [1.5], "t": 28 }
            ]
          },
          "c": {
            "a": 1,
            "k": [
              { "o": { "x": 0, "y": 0 }, "i": { "x": 1, "y": 1 }, "s": [0.2, 0.2, 0.2], "t": 0 },
              {
                "o": { "x": 0.32, "y": 0 },
                "i": { "x": 0.67, "y": 0 },
                "s": [0.2, 0.2, 0.2],
                "t": 9
              },
              {
                "o": { "x": 0.32, "y": 0 },
                "i": { "x": 0.67, "y": 0 },
                "s": [0.2, 0.2, 0.2],
                "t": 10
              },
              {
                "o": { "x": 0.65, "y": 0 },
                "i": { "x": 0.35, "y": 0 },
                "s": [0.2, 0.2, 0.2],
                "t": 19
              },
              { "s": [0.2, 0.2, 0.2], "t": 28 }
            ]
          }
        }
      ],
      "ind": 6
    },
    {
      "ty": 4,
      "nm": "Group / Vector",
      "sr": 1,
      "st": 0,
      "op": 29,
      "ip": 0,
      "hd": false,
      "ddd": 0,
      "bm": 0,
      "hasMask": false,
      "ao": 0,
      "ks": {
        "a": {
          "a": 1,
          "k": [
            { "o": { "x": 0, "y": 0 }, "i": { "x": 1, "y": 1 }, "s": [9.19, 9], "t": 0 },
            { "o": { "x": 0.32, "y": 0 }, "i": { "x": 0.67, "y": 0 }, "s": [9.19, 9], "t": 9 },
            { "o": { "x": 0.32, "y": 0 }, "i": { "x": 0.67, "y": 0 }, "s": [9.19, 9], "t": 10 },
            { "o": { "x": 0.65, "y": 0 }, "i": { "x": 0.35, "y": 0 }, "s": [9.19, 9], "t": 19 },
            { "s": [9.19, 9], "t": 28 }
          ]
        },
        "s": {
          "a": 1,
          "k": [
            { "o": { "x": 0, "y": 0 }, "i": { "x": 1, "y": 1 }, "s": [100, 100], "t": 0 },
            { "o": { "x": 0.32, "y": 0 }, "i": { "x": 0.67, "y": 0 }, "s": [100, 100], "t": 9 },
            { "o": { "x": 0.32, "y": 0 }, "i": { "x": 0.67, "y": 0 }, "s": [100, 100], "t": 10 },
            { "o": { "x": 0.65, "y": 0 }, "i": { "x": 0.35, "y": 0 }, "s": [100, 100], "t": 19 },
            { "s": [100, 100], "t": 28 }
          ]
        },
        "sk": { "a": 0, "k": 0 },
        "p": {
          "a": 1,
          "k": [
            { "o": { "x": 0, "y": 0 }, "i": { "x": 1, "y": 1 }, "s": [10.19, 29], "t": 0 },
            { "o": { "x": 0.32, "y": 0 }, "i": { "x": 0.67, "y": 0 }, "s": [18.19, 29], "t": 9 },
            { "o": { "x": 0.32, "y": 0 }, "i": { "x": 0.67, "y": 0 }, "s": [18.19, 29], "t": 10 },
            { "o": { "x": 0.65, "y": 0 }, "i": { "x": 0.35, "y": 0 }, "s": [26.19, 29], "t": 19 },
            { "s": [10.19, 29], "t": 28 }
          ]
        },
        "r": {
          "a": 1,
          "k": [
            { "o": { "x": 0, "y": 0 }, "i": { "x": 1, "y": 1 }, "s": [0], "t": 0 },
            { "o": { "x": 0.32, "y": 0 }, "i": { "x": 0.67, "y": 0 }, "s": [0], "t": 9 },
            { "o": { "x": 0.32, "y": 0 }, "i": { "x": 0.67, "y": 0 }, "s": [0], "t": 10 },
            { "o": { "x": 0.65, "y": 0 }, "i": { "x": 0.35, "y": 0 }, "s": [0], "t": 19 },
            { "s": [0], "t": 28 }
          ]
        },
        "sa": { "a": 0, "k": 0 },
        "o": {
          "a": 1,
          "k": [
            { "o": { "x": 0, "y": 0 }, "i": { "x": 1, "y": 1 }, "s": [100], "t": 0 },
            { "o": { "x": 0.32, "y": 0 }, "i": { "x": 0.67, "y": 0 }, "s": [100], "t": 9 },
            { "o": { "x": 0.32, "y": 0 }, "i": { "x": 0.67, "y": 0 }, "s": [100], "t": 10 },
            { "o": { "x": 0.65, "y": 0 }, "i": { "x": 0.35, "y": 0 }, "s": [100], "t": 19 },
            { "s": [100], "t": 28 }
          ]
        }
      },
      "shapes": [
        {
          "ty": "sh",
          "bm": 0,
          "hd": false,
          "nm": "",
          "d": 1,
          "ks": {
            "a": 1,
            "k": [
              {
                "o": { "x": 0, "y": 0 },
                "i": { "x": 1, "y": 1 },
                "s": [
                  {
                    "c": true,
                    "i": [
                      [0, 0],
                      [-0.56, -0.56],
                      [0, -0.8],
                      [0.16, -0.43],
                      [-0.12, -2.38],
                      [-1.2, -2.06],
                      [0, 0],
                      [-9.94, 0]
                    ],
                    "o": [
                      [0.8, 0],
                      [0.56, 0.56],
                      [-0.05, 0.46],
                      [-0.98, 2.17],
                      [0.12, 2.38],
                      [0, 0],
                      [0, -9.94],
                      [0, 0]
                    ],
                    "v": [
                      [15, 0],
                      [17.12, 0.88],
                      [18, 3],
                      [17.69, 4.34],
                      [16.38, 11.25],
                      [18.39, 18],
                      [0, 18],
                      [15, 0]
                    ]
                  }
                ],
                "t": 0
              },
              {
                "o": { "x": 0.32, "y": 0 },
                "i": { "x": 0.67, "y": 0 },
                "s": [
                  {
                    "c": true,
                    "i": [
                      [0, 0],
                      [-0.56, -0.56],
                      [0, -0.8],
                      [0.16, -0.43],
                      [-0.12, -2.38],
                      [-1.2, -2.06],
                      [0, 0],
                      [-9.94, 0]
                    ],
                    "o": [
                      [0.8, 0],
                      [0.56, 0.56],
                      [-0.05, 0.46],
                      [-0.98, 2.17],
                      [0.12, 2.38],
                      [0, 0],
                      [0, -9.94],
                      [0, 0]
                    ],
                    "v": [
                      [15, 0],
                      [17.12, 0.88],
                      [18, 3],
                      [17.69, 4.34],
                      [16.38, 11.25],
                      [18.39, 18],
                      [0, 18],
                      [15, 0]
                    ]
                  }
                ],
                "t": 9
              },
              {
                "o": { "x": 0.32, "y": 0 },
                "i": { "x": 0.67, "y": 0 },
                "s": [
                  {
                    "c": true,
                    "i": [
                      [0, 0],
                      [-0.56, -0.56],
                      [0, -0.8],
                      [0.16, -0.43],
                      [-0.12, -2.38],
                      [-1.2, -2.06],
                      [0, 0],
                      [-9.94, 0]
                    ],
                    "o": [
                      [0.8, 0],
                      [0.56, 0.56],
                      [-0.05, 0.46],
                      [-0.98, 2.17],
                      [0.12, 2.38],
                      [0, 0],
                      [0, -9.94],
                      [0, 0]
                    ],
                    "v": [
                      [15, 0],
                      [17.12, 0.88],
                      [18, 3],
                      [17.69, 4.34],
                      [16.38, 11.25],
                      [18.39, 18],
                      [0, 18],
                      [15, 0]
                    ]
                  }
                ],
                "t": 10
              },
              {
                "o": { "x": 0.65, "y": 0 },
                "i": { "x": 0.35, "y": 0 },
                "s": [
                  {
                    "c": true,
                    "i": [
                      [0, 0],
                      [-0.56, -0.56],
                      [0, -0.8],
                      [0.16, -0.43],
                      [-0.12, -2.38],
                      [-1.2, -2.06],
                      [0, 0],
                      [-9.94, 0]
                    ],
                    "o": [
                      [0.8, 0],
                      [0.56, 0.56],
                      [-0.05, 0.46],
                      [-0.98, 2.17],
                      [0.12, 2.38],
                      [0, 0],
                      [0, -9.94],
                      [0, 0]
                    ],
                    "v": [
                      [15, 0],
                      [17.12, 0.88],
                      [18, 3],
                      [17.69, 4.34],
                      [16.38, 11.25],
                      [18.39, 18],
                      [0, 18],
                      [15, 0]
                    ]
                  }
                ],
                "t": 19
              },
              {
                "s": [
                  {
                    "c": true,
                    "i": [
                      [0, 0],
                      [-0.56, -0.56],
                      [0, -0.8],
                      [0.16, -0.43],
                      [-0.12, -2.38],
                      [-1.2, -2.06],
                      [0, 0],
                      [-9.94, 0]
                    ],
                    "o": [
                      [0.8, 0],
                      [0.56, 0.56],
                      [-0.05, 0.46],
                      [-0.98, 2.17],
                      [0.12, 2.38],
                      [0, 0],
                      [0, -9.94],
                      [0, 0]
                    ],
                    "v": [
                      [15, 0],
                      [17.12, 0.88],
                      [18, 3],
                      [17.69, 4.34],
                      [16.38, 11.25],
                      [18.39, 18],
                      [0, 18],
                      [15, 0]
                    ]
                  }
                ],
                "t": 28
              }
            ]
          }
        },
        {
          "ty": "st",
          "bm": 0,
          "hd": false,
          "nm": "",
          "lc": 2,
          "lj": 2,
          "ml": 4,
          "o": {
            "a": 1,
            "k": [
              { "o": { "x": 0, "y": 0 }, "i": { "x": 1, "y": 1 }, "s": [100], "t": 0 },
              { "o": { "x": 0.32, "y": 0 }, "i": { "x": 0.67, "y": 0 }, "s": [100], "t": 9 },
              { "o": { "x": 0.32, "y": 0 }, "i": { "x": 0.67, "y": 0 }, "s": [100], "t": 10 },
              { "o": { "x": 0.65, "y": 0 }, "i": { "x": 0.35, "y": 0 }, "s": [100], "t": 19 },
              { "s": [100], "t": 28 }
            ]
          },
          "w": {
            "a": 1,
            "k": [
              { "o": { "x": 0, "y": 0 }, "i": { "x": 1, "y": 1 }, "s": [1.5], "t": 0 },
              { "o": { "x": 0.32, "y": 0 }, "i": { "x": 0.67, "y": 0 }, "s": [1.5], "t": 9 },
              { "o": { "x": 0.32, "y": 0 }, "i": { "x": 0.67, "y": 0 }, "s": [1.5], "t": 10 },
              { "o": { "x": 0.65, "y": 0 }, "i": { "x": 0.35, "y": 0 }, "s": [1.5], "t": 19 },
              { "s": [1.5], "t": 28 }
            ]
          },
          "c": {
            "a": 1,
            "k": [
              { "o": { "x": 0, "y": 0 }, "i": { "x": 1, "y": 1 }, "s": [0.2, 0.2, 0.2], "t": 0 },
              {
                "o": { "x": 0.32, "y": 0 },
                "i": { "x": 0.67, "y": 0 },
                "s": [0.2, 0.2, 0.2],
                "t": 9
              },
              {
                "o": { "x": 0.32, "y": 0 },
                "i": { "x": 0.67, "y": 0 },
                "s": [0.2, 0.2, 0.2],
                "t": 10
              },
              {
                "o": { "x": 0.65, "y": 0 },
                "i": { "x": 0.35, "y": 0 },
                "s": [0.2, 0.2, 0.2],
                "t": 19
              },
              { "s": [0.2, 0.2, 0.2], "t": 28 }
            ]
          }
        }
      ],
      "ind": 7
    },
    {
      "ty": 4,
      "nm": "Group / Vector",
      "sr": 1,
      "st": 0,
      "op": 29,
      "ip": 0,
      "hd": false,
      "ddd": 0,
      "bm": 0,
      "hasMask": false,
      "ao": 0,
      "ks": {
        "a": {
          "a": 1,
          "k": [
            { "o": { "x": 0, "y": 0 }, "i": { "x": 1, "y": 1 }, "s": [4.59, 5.81], "t": 0 },
            { "o": { "x": 0.32, "y": 0 }, "i": { "x": 0.67, "y": 0 }, "s": [4.59, 5.81], "t": 9 },
            { "o": { "x": 0.32, "y": 0 }, "i": { "x": 0.67, "y": 0 }, "s": [4.59, 5.81], "t": 10 },
            { "o": { "x": 0.65, "y": 0 }, "i": { "x": 0.35, "y": 0 }, "s": [4.59, 5.81], "t": 19 },
            { "s": [4.59, 5.81], "t": 28 }
          ]
        },
        "s": {
          "a": 1,
          "k": [
            { "o": { "x": 0, "y": 0 }, "i": { "x": 1, "y": 1 }, "s": [100, 100], "t": 0 },
            { "o": { "x": 0.32, "y": 0 }, "i": { "x": 0.67, "y": 0 }, "s": [100, 100], "t": 9 },
            { "o": { "x": 0.32, "y": 0 }, "i": { "x": 0.67, "y": 0 }, "s": [100, 100], "t": 10 },
            { "o": { "x": 0.65, "y": 0 }, "i": { "x": 0.35, "y": 0 }, "s": [100, 100], "t": 19 },
            { "s": [100, 100], "t": 28 }
          ]
        },
        "sk": { "a": 0, "k": 0 },
        "p": {
          "a": 1,
          "k": [
            { "o": { "x": 0, "y": 0 }, "i": { "x": 1, "y": 1 }, "s": [22.41, 14.81], "t": 0 },
            { "o": { "x": 0.32, "y": 0 }, "i": { "x": 0.67, "y": 0 }, "s": [30.41, 14.81], "t": 9 },
            {
              "o": { "x": 0.32, "y": 0 },
              "i": { "x": 0.67, "y": 0 },
              "s": [30.41, 14.81],
              "t": 10
            },
            {
              "o": { "x": 0.65, "y": 0 },
              "i": { "x": 0.35, "y": 0 },
              "s": [38.41, 14.81],
              "t": 19
            },
            { "s": [22.41, 14.81], "t": 28 }
          ]
        },
        "r": {
          "a": 1,
          "k": [
            { "o": { "x": 0, "y": 0 }, "i": { "x": 1, "y": 1 }, "s": [0], "t": 0 },
            { "o": { "x": 0.32, "y": 0 }, "i": { "x": 0.67, "y": 0 }, "s": [0], "t": 9 },
            { "o": { "x": 0.32, "y": 0 }, "i": { "x": 0.67, "y": 0 }, "s": [0], "t": 10 },
            { "o": { "x": 0.65, "y": 0 }, "i": { "x": 0.35, "y": 0 }, "s": [0], "t": 19 },
            { "s": [0], "t": 28 }
          ]
        },
        "sa": { "a": 0, "k": 0 },
        "o": {
          "a": 1,
          "k": [
            { "o": { "x": 0, "y": 0 }, "i": { "x": 1, "y": 1 }, "s": [100], "t": 0 },
            { "o": { "x": 0.32, "y": 0 }, "i": { "x": 0.67, "y": 0 }, "s": [100], "t": 9 },
            { "o": { "x": 0.32, "y": 0 }, "i": { "x": 0.67, "y": 0 }, "s": [100], "t": 10 },
            { "o": { "x": 0.65, "y": 0 }, "i": { "x": 0.35, "y": 0 }, "s": [100], "t": 19 },
            { "s": [100], "t": 28 }
          ]
        }
      },
      "shapes": [
        {
          "ty": "sh",
          "bm": 0,
          "hd": false,
          "nm": "",
          "d": 1,
          "ks": {
            "a": 1,
            "k": [
              {
                "o": { "x": 0, "y": 0 },
                "i": { "x": 1, "y": 1 },
                "s": [
                  {
                    "c": false,
                    "i": [
                      [0, 0],
                      [0, 0]
                    ],
                    "o": [
                      [0, 0],
                      [0, 0]
                    ],
                    "v": [
                      [9.17, 0],
                      [0, 11.63]
                    ]
                  }
                ],
                "t": 0
              },
              {
                "o": { "x": 0.32, "y": 0 },
                "i": { "x": 0.67, "y": 0 },
                "s": [
                  {
                    "c": false,
                    "i": [
                      [0, 0],
                      [0, 0]
                    ],
                    "o": [
                      [0, 0],
                      [0, 0]
                    ],
                    "v": [
                      [9.17, 0],
                      [0, 11.63]
                    ]
                  }
                ],
                "t": 9
              },
              {
                "o": { "x": 0.32, "y": 0 },
                "i": { "x": 0.67, "y": 0 },
                "s": [
                  {
                    "c": false,
                    "i": [
                      [0, 0],
                      [0, 0]
                    ],
                    "o": [
                      [0, 0],
                      [0, 0]
                    ],
                    "v": [
                      [9.17, 0],
                      [0, 11.63]
                    ]
                  }
                ],
                "t": 10
              },
              {
                "o": { "x": 0.65, "y": 0 },
                "i": { "x": 0.35, "y": 0 },
                "s": [
                  {
                    "c": false,
                    "i": [
                      [0, 0],
                      [0, 0]
                    ],
                    "o": [
                      [0, 0],
                      [0, 0]
                    ],
                    "v": [
                      [9.17, 0],
                      [0, 11.63]
                    ]
                  }
                ],
                "t": 19
              },
              {
                "s": [
                  {
                    "c": false,
                    "i": [
                      [0, 0],
                      [0, 0]
                    ],
                    "o": [
                      [0, 0],
                      [0, 0]
                    ],
                    "v": [
                      [9.17, 0],
                      [0, 11.63]
                    ]
                  }
                ],
                "t": 28
              }
            ]
          }
        },
        {
          "ty": "st",
          "bm": 0,
          "hd": false,
          "nm": "",
          "lc": 2,
          "lj": 2,
          "ml": 4,
          "o": {
            "a": 1,
            "k": [
              { "o": { "x": 0, "y": 0 }, "i": { "x": 1, "y": 1 }, "s": [100], "t": 0 },
              { "o": { "x": 0.32, "y": 0 }, "i": { "x": 0.67, "y": 0 }, "s": [100], "t": 9 },
              { "o": { "x": 0.32, "y": 0 }, "i": { "x": 0.67, "y": 0 }, "s": [100], "t": 10 },
              { "o": { "x": 0.65, "y": 0 }, "i": { "x": 0.35, "y": 0 }, "s": [100], "t": 19 },
              { "s": [100], "t": 28 }
            ]
          },
          "w": {
            "a": 1,
            "k": [
              { "o": { "x": 0, "y": 0 }, "i": { "x": 1, "y": 1 }, "s": [1.5], "t": 0 },
              { "o": { "x": 0.32, "y": 0 }, "i": { "x": 0.67, "y": 0 }, "s": [1.5], "t": 9 },
              { "o": { "x": 0.32, "y": 0 }, "i": { "x": 0.67, "y": 0 }, "s": [1.5], "t": 10 },
              { "o": { "x": 0.65, "y": 0 }, "i": { "x": 0.35, "y": 0 }, "s": [1.5], "t": 19 },
              { "s": [1.5], "t": 28 }
            ]
          },
          "c": {
            "a": 1,
            "k": [
              { "o": { "x": 0, "y": 0 }, "i": { "x": 1, "y": 1 }, "s": [0.2, 0.2, 0.2], "t": 0 },
              {
                "o": { "x": 0.32, "y": 0 },
                "i": { "x": 0.67, "y": 0 },
                "s": [0.2, 0.2, 0.2],
                "t": 9
              },
              {
                "o": { "x": 0.32, "y": 0 },
                "i": { "x": 0.67, "y": 0 },
                "s": [0.2, 0.2, 0.2],
                "t": 10
              },
              {
                "o": { "x": 0.65, "y": 0 },
                "i": { "x": 0.35, "y": 0 },
                "s": [0.2, 0.2, 0.2],
                "t": 19
              },
              { "s": [0.2, 0.2, 0.2], "t": 28 }
            ]
          }
        }
      ],
      "ind": 8
    },
    {
      "ty": 1,
      "nm": "Background",
      "sr": 1,
      "st": 0,
      "op": 29.200001046061516,
      "ip": 0,
      "hd": false,
      "ddd": 0,
      "bm": 0,
      "hasMask": false,
      "ao": 0,
      "ks": {
        "a": { "a": 0, "k": [0, 0] },
        "s": { "a": 0, "k": [100, 100] },
        "sk": { "a": 0, "k": 0 },
        "p": { "a": 0, "k": [0, 0] },
        "r": { "a": 0, "k": 0 },
        "sa": { "a": 0, "k": 0 },
        "o": { "a": 0, "k": 100 }
      },
      "sc": "#ffffff",
      "sh": 48,
      "sw": 48,
      "ind": 9
    }
  ],
  "v": "5.7.0",
  "fr": 30,
  "op": 28.200001046061516,
  "ip": 0,
  "assets": []
}
